Track,Artist,Album
Call Me in the Day,La Luz,It's Alive
You're Out Wasting,Andy Shauf,The Bearer of Bad News
Etiquette,Land Lines,The Natural World
Used to Be,Weyes Blood,Front Row Seat To Earth
Turn Me Around,Half Waif,Probable Depths
Heartbeats,The Knife,Deep Cuts
Never Be Like You (feat. Kai),"Flume, kai",Never Be Like You (feat. Kai)
Si un jour,La Femme,Psycho Tropical Berlin (Bonus Track Version)
If You Let It,Thelma,If You Let It
The Weather,Twin Limb,The Weather
All,Katie Dey,Flood Network
They Said,Wild Ones,Heatwave
Glory Glory,And The Kids,Turn To Each Other
Yellow Sea,Madame Gandhi,Voices EP